{
  "SauterBotOne.en-us": {
    "rootDialog": true,
    "triggers": {
      "": [
        "WelcomeDialog.en-us"
      ],
      "Cancel": [
        "CancelDialog.en-us"
      ],
      "Help": [
        "HelpDialog.en-us"
      ],
      "test": [
        "TestCard.en-us"
      ],
      "GetAlarm": [
        "TestCard.en-us"
      ],
      "GetTrend": [
        "GetTrend.en-us"
      ],
      "goToSVC": [
        "goToSVC.en-us"
      ],
      "building": [
        "building.en-us"
      ],
      "floor": [
        "floor.en-us"
      ],
      "room": [
        "room.en-us"
      ],
      "heating": [
        "heating.en-us"
      ],
      "cooling": [
        "cooling.en-us"
      ],
      "ventilation": [
        "ventilation.en-us"
      ],
      "search": [
        "search.en-us"
      ]
    }
  }
}
